,user,tweet
0,jjason17,"RT @ajaynewsman: #vikrant #IndianNavy
Need a another Vikrant like 45-k tonne carrier: Navy seeks MoD nod. It will be same design and STOBAR‚Ä¶"
1,KiranDhawal11,"RT @_lokeshsharma: A big salute to our @indiannavy personnel and their fearless service to the Nation on #NavyDay. 
Jai Hind üáÆüá≥ 
#IndianNav‚Ä¶"
2,KamalHaasanTeam,"RT @MirrorNow: Headlines at 4 PM with @radhika1705 

#KamalHaasan #ArvindKejriwal #IndianNavy https://t.co/u0lIRveNtM"
3,SujalRa96564591,"RT @AmritMahotsav: #OnThisDay in 2008, #IndianNavy successfully conducted the first test of #BrahMos at sea off the Andaman &amp; Nicobar Islan‚Ä¶"
4,Dharm73473662,"RT @AmritMahotsav: #OnThisDay in 2008, #IndianNavy successfully conducted the first test of #BrahMos at sea off the Andaman &amp; Nicobar Islan‚Ä¶"
5,s10boyal,"RT @IndoPac_Info: The #IndianNavy commissioned P15B destroyer INS Mormugao into service today.

It's armed with 32 Barak 8 surface-to-air m‚Ä¶"
6,Simran30_mki,"RT @NewsIADN: #MARCOS + #SEALS during Exercise Sangam 2022

Elite Special Forces from both navies conducted a wide range of joint activitie‚Ä¶"
7,VidhwansakD,"RT @NewsIADN: #MARCOS + #SEALS during Exercise Sangam 2022

Elite Special Forces from both navies conducted a wide range of joint activitie‚Ä¶"
8,Rameshw47559461,"RT @AmritMahotsav: #OnThisDay in 2008, #IndianNavy successfully conducted the first test of #BrahMos at sea off the Andaman &amp; Nicobar Islan‚Ä¶"
9,Husnain06056323,"RT @IN_GDD: Contributing to #PuneetSagar Abhiyan for clean, serene &amp; pristine Sea Shores #IndianNavy personnel &amp; families of #Gujarat Naval‚Ä¶"
10,NewsIADN,"#MARCOS + #SEALS during Exercise Sangam 2022

Elite Special Forces from both navies conducted a wide range of joint‚Ä¶ https://t.co/M5nIYYyRuY"
11,PplFuture,"RT @IndoPac_Info: The #IndianNavy commissioned P15B destroyer INS Mormugao into service today.

It's armed with 32 Barak 8 surface-to-air m‚Ä¶"
12,rajeevpatel5,"RT @IndoPac_Info: The #IndianNavy commissioned P15B destroyer INS Mormugao into service today.

It's armed with 32 Barak 8 surface-to-air m‚Ä¶"
13,misterzedpk,"RT @IN_WNC: In conducting Exercise Sangam-22, #IndianNavy #MARCOS and @USNavy SEALS sharpened their tactical skills in close quarter battle‚Ä¶"
14,PRO_Vizag,"RT @SpokespersonMoD: Mighty Mormugao, a P15B stealth guided missile destroyer formally inducted into the #IndianNavy. 

One of the most pot‚Ä¶"
15,KrishRa44716979,"RT @AmritMahotsav: #OnThisDay in 2008, #IndianNavy successfully conducted the first test of #BrahMos at sea off the Andaman &amp; Nicobar Islan‚Ä¶"
16,bhargavbhuva4,"RT @SpokespersonMoD: Mighty Mormugao, a P15B stealth guided missile destroyer formally inducted into the #IndianNavy. 

One of the most pot‚Ä¶"
17,KhursidAhmed11,"RT @IN_NetajiSubhas: As part of #PuneetSagarAbhiyan #IndianNavy personnel of NOIC (WBG)/ INS Netaji Subhas, undertook #Hooghly Riverfront #‚Ä¶"
18,VaidDatta,"RT @Defence_XP: Report: P15B destroyer INS Mormugao commissioned into @IndianNavy today.

#IndianNavy üáÆüá≥ https://t.co/21Zx16T2rh"
19,The_SkullKnight,"RT @Defence_United_: P15B Vishakhapatnam-class destroyer #INSMormugao commissioned into Indian Navy today.

#IndianNavy üáÆüá≥ https://t.co/nUI‚Ä¶"
20,chaubey_jii_,"RT @BhairavHu1008: #INS #Mormugao a P15B stealth-guided missile destroyer, commissioned into the #IndianNavy in the presence of Defence Min‚Ä¶"
21,DefPROMumbai,"RT @IN_WNC: In conducting Exercise Sangam-22, #IndianNavy #MARCOS and @USNavy SEALS sharpened their tactical skills in close quarter battle‚Ä¶"
22,KULDEEP20214O,"RT @SpokespersonMoD: Mighty Mormugao, a P15B stealth guided missile destroyer formally inducted into the #IndianNavy. 

One of the most pot‚Ä¶"
23,gantarangarao,RT @defencealerts: üî¥2nd P-15B #INSMormugao Stealth guided Missile Destroyer Commissioned into #IndianNavy https://t.co/7jyYep05OH
24,Sohi71525278,"RT @AmritMahotsav: #OnThisDay in 2008, #IndianNavy successfully conducted the first test of #BrahMos at sea off the Andaman &amp; Nicobar Islan‚Ä¶"
25,Defence_United_,"P15B Vishakhapatnam-class destroyer #INSMormugao commissioned into Indian Navy today.

#IndianNavy üáÆüá≥ https://t.co/nUIlrfjBFh"
26,IN_WNC,"In conducting Exercise Sangam-22, #IndianNavy #MARCOS and @USNavy SEALS sharpened their tactical skills in close qu‚Ä¶ https://t.co/wUtMJVgcqI"
27,07VinodYadav,"RT @IN_HQSNC: #Maldivian delegation led by Brig Gen(Retd)Zakariyya Mansoor,DG üá≤üáªHydrographic Service visited National Institute of #Hydrogr‚Ä¶"
28,AsiaNewsVideo,"5 Facts On INS Mormugao, India‚Äôs Latest Stealth Class Warship #IndiaNavy #IndiaNewsToday #IndianNavy [Video] https://t.co/FRqEpWbRyh"
29,Suvojit65265933,"RT @NewsIADN: #IndianNavy has inducted Containerised BrahMos Missile system.

Called the Next Generation Maritime Mobile Coastal Batteries‚Ä¶"
30,SovanBhunia1998,"RT @NewsIADN: #IndianNavy has inducted Containerised BrahMos Missile system.

Called the Next Generation Maritime Mobile Coastal Batteries‚Ä¶"
31,Siddhar62716018,"RT @NewsIADN: #IndianNavy has inducted Containerised BrahMos Missile system.

Called the Next Generation Maritime Mobile Coastal Batteries‚Ä¶"
32,Bhss_tiwari,"RT @AmritMahotsav: #OnThisDay in 2008, #IndianNavy successfully conducted the first test of #BrahMos at sea off the Andaman &amp; Nicobar Islan‚Ä¶"
33,thefirstindia,"""Will do shipbuilding for World in future..."" Rajnath Singh while commissioning INS Mormugao‚Ä¶ https://t.co/GtbooSTSGD"
34,bvrraju3,"RT @SpokespersonMoD: Mighty Mormugao, a P15B stealth guided missile destroyer formally inducted into the #IndianNavy. 

One of the most pot‚Ä¶"
35,Vnation_111,"RT @NewsIADN: #IndianNavy has inducted Containerised BrahMos Missile system.

Called the Next Generation Maritime Mobile Coastal Batteries‚Ä¶"
36,Dr_Rajib_,"Our government is working with ‚ÄòDevINE‚Äô intentions: PM @narendramodi Ji in #Meghalaya.

#NAMO
#BJP
#MyGov‚Ä¶ https://t.co/vIp5mo1sbK"
37,PRODefNgp,"RT @SpokespersonMoD: Mighty Mormugao, a P15B stealth guided missile destroyer formally inducted into the #IndianNavy. 

One of the most pot‚Ä¶"
38,Captsandeep2,"RT @NewsIADN: #IndianNavy has inducted Containerised BrahMos Missile system.

Called the Next Generation Maritime Mobile Coastal Batteries‚Ä¶"
39,Mohin79271430,"RT @AmritMahotsav: #OnThisDay in 2008, #IndianNavy successfully conducted the first test of #BrahMos at sea off the Andaman &amp; Nicobar Islan‚Ä¶"
40,guts_ya,"RT @IndoPac_Info: The #IndianNavy commissioned P15B destroyer INS Mormugao into service today.

It's armed with 32 Barak 8 surface-to-air m‚Ä¶"
41,Jeffarin22,"RT @IndoPac_Info: The #IndianNavy commissioned P15B destroyer INS Mormugao into service today.

It's armed with 32 Barak 8 surface-to-air m‚Ä¶"
42,KaurAniket,@RDXThinksThat @ombirlakota @jdhankhar1 Whatbis he talking for the sake of politucs these ppl can utter such words‚Ä¶ https://t.co/kOTYx89OJh
43,VandelayT,"RT @IndoPac_Info: The #IndianNavy commissioned P15B destroyer INS Mormugao into service today.

It's armed with 32 Barak 8 surface-to-air m‚Ä¶"
44,GhatakBoy,"RT @NewsIADN: #IndianNavy has inducted Containerised BrahMos Missile system.

Called the Next Generation Maritime Mobile Coastal Batteries‚Ä¶"
45,SAMS40308903,"RT @NewsIADN: #IndianNavy has inducted Containerised BrahMos Missile system.

Called the Next Generation Maritime Mobile Coastal Batteries‚Ä¶"
46,_KyaChahteHo,RT @DrPramodPSawant: Attended the Commissioning of the #INSMormugao indigenously developed stealth missile destroyer of the #IndianNavy by‚Ä¶
47,Savip133,"RT @Tanmaycoolkarni: #INSMormugao, a P15B indigenous stealth-guided missile destroyer, commissioned into the #IndianNavy

INS Mormugao is t‚Ä¶"
48,Narayan36754275,"RT @AmritMahotsav: #OnThisDay in 2008, #IndianNavy successfully conducted the first test of #BrahMos at sea off the Andaman &amp; Nicobar Islan‚Ä¶"
49,Adit_Babu,"RT @NewsIADN: #IndianNavy has inducted Containerised BrahMos Missile system.

Called the Next Generation Maritime Mobile Coastal Batteries‚Ä¶"
50,SritamKumarPat2,"RT @Defence_XP: Report: P15B destroyer INS Mormugao commissioned into @IndianNavy today.

#IndianNavy üáÆüá≥ https://t.co/21Zx16T2rh"
51,niranjansp01,"RT @NewsIADN: #IndianNavy has inducted Containerised BrahMos Missile system.

Called the Next Generation Maritime Mobile Coastal Batteries‚Ä¶"
52,Sohin49235294,"RT @AmritMahotsav: #OnThisDay in 2008, #IndianNavy successfully conducted the first test of #BrahMos at sea off the Andaman &amp; Nicobar Islan‚Ä¶"
53,VidhwansakD,"RT @NewsIADN: #IndianNavy has inducted Containerised BrahMos Missile system.

Called the Next Generation Maritime Mobile Coastal Batteries‚Ä¶"
54,NewsIADN,"#IndianNavy has inducted Containerised BrahMos Missile system.

Called the Next Generation Maritime Mobile Coastal‚Ä¶ https://t.co/xNOF3MDAfx"
55,Abhishe45998840,"RT @AmritMahotsav: #OnThisDay in 2008, #IndianNavy successfully conducted the first test of #BrahMos at sea off the Andaman &amp; Nicobar Islan‚Ä¶"
56,Kanhaiy72702213,"RT @_lokeshsharma: A big salute to our @indiannavy personnel and their fearless service to the Nation on #NavyDay. 
Jai Hind üáÆüá≥ 
#IndianNav‚Ä¶"
57,MRW27210497,"RT @IndoPac_Info: The #IndianNavy commissioned P15B destroyer INS Mormugao into service today.

It's armed with 32 Barak 8 surface-to-air m‚Ä¶"
58,UmeshaNayak2,RT @Defence_Nation: The 2nd indigenous Stealth Missile Destroyer of P15B Visakhapatnam Class #INSMormugao was commissioned today into the I‚Ä¶
59,JamesCa70626795,"RT @IndoPac_Info: The #IndianNavy commissioned P15B destroyer INS Mormugao into service today.

It's armed with 32 Barak 8 surface-to-air m‚Ä¶"
60,lin_linkent,"RT @IndoPac_Info: The #IndianNavy commissioned P15B destroyer INS Mormugao into service today.

It's armed with 32 Barak 8 surface-to-air m‚Ä¶"
61,KhajoorSingh15,"RT @indiannavy: Watch Live Commissioning of Mormugao on the #IndianNavy @YouTube Channel from 1100h today 18 Dec 22.
‚¨áÔ∏è
https://t.co/WpZeJN‚Ä¶"
62,BrajKis11551935,"RT @AmritMahotsav: #OnThisDay in 2008, #IndianNavy successfully conducted the first test of #BrahMos at sea off the Andaman &amp; Nicobar Islan‚Ä¶"
63,mksharma4269,"RT @PanchvatiNasik: Defence minister Rajnath Singh, Navy chief Admiral R Hari Kumar and Goa CM Pramod Sawant were among those present at th‚Ä¶"
64,KingPraveena,"RT @IndiainSwiss: #ThisDayThatYear

#OnThisDay in 2008, #IndianNavy successfully conducted the first test of #BrahMos at sea off the Andama‚Ä¶"
65,LingampallyL,"RT @InsightGL: -#IndianNavy firing on all cylinders to keep an edge in IOR
-2nd Project 15B, Stealth Destroyer INS Mormugao to be commissio‚Ä¶"
66,GhatakBoy,"RT @NewsIADN: #IndianNavy commissioned the 2nd P15B destroyer INS Mormugao today.

#IADN https://t.co/Y6lX3elPY9"
67,RSS2810,RT @DrPramodPSawant: Attended the Commissioning of the #INSMormugao indigenously developed stealth missile destroyer of the #IndianNavy by‚Ä¶
68,DigvijaySutar6,RT @DrPramodPSawant: Attended the Commissioning of the #INSMormugao indigenously developed stealth missile destroyer of the #IndianNavy by‚Ä¶
69,GhatakBoy,RT @defencealerts: üî¥2nd P-15B #INSMormugao Stealth guided Missile Destroyer Commissioned into #IndianNavy https://t.co/7jyYep05OH
70,GhatakBoy,"RT @Defence_XP: Report: P15B destroyer INS Mormugao commissioned into @IndianNavy today.

#IndianNavy üáÆüá≥ https://t.co/21Zx16T2rh"
71,NykeTheSiamese,"RT @BhairavHu1008: #INS Mormugao, a P15B stealth-guided missile destroyer, commissioned into the #IndianNavy in the presence of Defence Min‚Ä¶"
72,om1973,"RT @indiannavy: #IndianNavy #Credible

A credible stakeholder in Nation Building, ready to be the ‚ÄòFirst Responder‚Äô and the ‚ÄòPreferred Secu‚Ä¶"
73,krishyazh,"RT @NewsIADN: #IndianNavy commissioned the 2nd P15B destroyer INS Mormugao today.

#IADN https://t.co/Y6lX3elPY9"
74,KULDEEP20214O,"RT @Tanmaycoolkarni: #INSMormugao, a P15B indigenous stealth-guided missile destroyer, commissioned into the #IndianNavy

INS Mormugao is t‚Ä¶"
75,KULDEEP20214O,"RT @Defence_XP: Report: P15B destroyer INS Mormugao commissioned into @IndianNavy today.

#IndianNavy üáÆüá≥ https://t.co/21Zx16T2rh"
76,KULDEEP20214O,"RT @MirrorNow: INDIA GETS NEW MISSILE DESTROYER 

#INSMormugao, a stealth guided #missile destroyer have been inducted into the #IndianNavy‚Ä¶"
77,KULDEEP20214O,"RT @NewsIADN: #IndianNavy commissioned the 2nd P15B destroyer INS Mormugao today.

#IADN https://t.co/Y6lX3elPY9"
78,KULDEEP20214O,"RT @IndoPac_Info: The #IndianNavy commissioned P15B destroyer INS Mormugao into service today.

It's armed with 32 Barak 8 surface-to-air m‚Ä¶"
79,KULDEEP20214O,RT @defencealerts: üî¥2nd P-15B #INSMormugao Stealth guided Missile Destroyer Commissioned into #IndianNavy https://t.co/7jyYep05OH
80,KULDEEP20214O,"RT @BhairavHu1008: #INS #Mormugao a P15B stealth-guided missile destroyer, commissioned into the #IndianNavy in the presence of Defence Min‚Ä¶"
81,KULDEEP20214O,RT @shivanipost: #INSMormugao is Combat Ready #IndianNavy @indiannavy #Mormugao https://t.co/2fU9ACPL4w
82,KULDEEP20214O,"RT @sanamalikshaikh: Got the opportunity to attend the Commissioning Ceremony of ‚ÄòMormugao‚Äô, a P15B stealth guided missile destroyer at Nav‚Ä¶"
83,n2r3ndr2,"RT @IN_HQSNC: #Maldivian delegation led by Brig Gen(Retd)Zakariyya Mansoor,DG üá≤üáªHydrographic Service visited National Institute of #Hydrogr‚Ä¶"
84,KULDEEP20214O,RT @DrPramodPSawant: Attended the Commissioning of the #INSMormugao indigenously developed stealth missile destroyer of the #IndianNavy by‚Ä¶
85,IMSharma_,"RT @IndoPac_Info: The #IndianNavy commissioned P15B destroyer INS Mormugao into service today.

It's armed with 32 Barak 8 surface-to-air m‚Ä¶"
86,abcd88493948,"RT @IndoPac_Info: The #IndianNavy commissioned P15B destroyer INS Mormugao into service today.

It's armed with 32 Barak 8 surface-to-air m‚Ä¶"
87,thirstybanker,"RT @IndoPac_Info: The #IndianNavy commissioned P15B destroyer INS Mormugao into service today.

It's armed with 32 Barak 8 surface-to-air m‚Ä¶"
88,NAVYESM,"RT @SpokespersonMoD: Mighty Mormugao, a P15B stealth guided missile destroyer formally inducted into the #IndianNavy. 

One of the most pot‚Ä¶"
89,Elton_P20,"RT @IndoPac_Info: The #IndianNavy commissioned P15B destroyer INS Mormugao into service today.

It's armed with 32 Barak 8 surface-to-air m‚Ä¶"
90,glowofa1000suns,"RT @IndoPac_Info: The #IndianNavy commissioned P15B destroyer INS Mormugao into service today.

It's armed with 32 Barak 8 surface-to-air m‚Ä¶"
91,sspatilspeaks,"RT @sanamalikshaikh: Got the opportunity to attend the Commissioning Ceremony of ‚ÄòMormugao‚Äô, a P15B stealth guided missile destroyer at Nav‚Ä¶"
92,pavankshastry,"RT @IndoPac_Info: The #IndianNavy commissioned P15B destroyer INS Mormugao into service today.

It's armed with 32 Barak 8 surface-to-air m‚Ä¶"
93,IN_INSShivaji,"RT @IN_HQSNC: #Maldivian delegation led by Brig Gen(Retd)Zakariyya Mansoor,DG üá≤üáªHydrographic Service visited National Institute of #Hydrogr‚Ä¶"
94,avjsays,"RT @SpokespersonMoD: Mighty Mormugao, a P15B stealth guided missile destroyer formally inducted into the #IndianNavy. 

One of the most pot‚Ä¶"
95,VakilSaab11,"RT @NewsIADN: #IndianNavy commissioned the 2nd P15B destroyer INS Mormugao today.

#IADN https://t.co/Y6lX3elPY9"
96,Realdme_,"RT @IndoPac_Info: The #IndianNavy commissioned P15B destroyer INS Mormugao into service today.

It's armed with 32 Barak 8 surface-to-air m‚Ä¶"
97,konerctfoarnab,"RT @IN_HQSNC: #Maldivian delegation led by Brig Gen(Retd)Zakariyya Mansoor,DG üá≤üáªHydrographic Service visited National Institute of #Hydrogr‚Ä¶"
98,GhayasM73,"RT @IndoPac_Info: The #IndianNavy commissioned P15B destroyer INS Mormugao into service today.

It's armed with 32 Barak 8 surface-to-air m‚Ä¶"
99,naktacarin,"RT @IndoPac_Info: The #IndianNavy commissioned P15B destroyer INS Mormugao into service today.

It's armed with 32 Barak 8 surface-to-air m‚Ä¶"
100,OkOk30280648,"RT @IndoPac_Info: The #IndianNavy commissioned P15B destroyer INS Mormugao into service today.

It's armed with 32 Barak 8 surface-to-air m‚Ä¶"
101,Rajni02121818,"RT @AmritMahotsav: #OnThisDay in 2008, #IndianNavy successfully conducted the first test of #BrahMos at sea off the Andaman &amp; Nicobar Islan‚Ä¶"
102,IndoPac_Info,"The #IndianNavy commissioned P15B destroyer INS Mormugao into service today.

It's armed with 32 Barak 8 surface-to‚Ä¶ https://t.co/zRnoPzAXtn"
103,ashim_82,".@asthana_shashi @InsightGL @Jaykaul @rspathania @seedhadilse @neeraj_rajput
The main takeaway is that India would‚Ä¶ https://t.co/wjNFh9YRRL"
104,Nirmal91716638,"RT @AmritMahotsav: #OnThisDay in 2008, #IndianNavy successfully conducted the first test of #BrahMos at sea off the Andaman &amp; Nicobar Islan‚Ä¶"
105,Asif13333785,RT @DrPramodPSawant: Attended the Commissioning of the #INSMormugao indigenously developed stealth missile destroyer of the #IndianNavy by‚Ä¶
106,Dr_Rajib_,"PM @narendramodi Ji addresses meeting of North Eastern Council in #Shillong.

#NAMO
#BJP
#MyGov
#IndianArmy‚Ä¶ https://t.co/bycRLliHST"
107,aditya_museo,Visited Aircraft Museum in Kolcutta absolutely shocked to see signages  of NO Photography I want to know Why do the‚Ä¶ https://t.co/lpb0VVTbwg
108,vinirish,"RT @IN_HQSNC: #Maldivian delegation led by Brig Gen(Retd)Zakariyya Mansoor,DG üá≤üáªHydrographic Service visited National Institute of #Hydrogr‚Ä¶"
109,YUVAGAN50585335,RT @DrPramodPSawant: Attended the Commissioning of the #INSMormugao indigenously developed stealth missile destroyer of the #IndianNavy by‚Ä¶
110,ProAssam,"RT @IN_HQSNC: #Maldivian delegation led by Brig Gen(Retd)Zakariyya Mansoor,DG üá≤üáªHydrographic Service visited National Institute of #Hydrogr‚Ä¶"
111,PIB_Panaji,RT @DrPramodPSawant: Attended the Commissioning of the #INSMormugao indigenously developed stealth missile destroyer of the #IndianNavy by‚Ä¶
112,harshkkapoor,"RT @IN_HQSNC: #Maldivian delegation led by Brig Gen(Retd)Zakariyya Mansoor,DG üá≤üáªHydrographic Service visited National Institute of #Hydrogr‚Ä¶"
113,VarunAJAYJain,"RT @NewsIADN: #IndianNavy commissioned the 2nd P15B destroyer INS Mormugao today.

#IADN https://t.co/Y6lX3elPY9"
114,indiannavy,"RT @IN_HQSNC: #Maldivian delegation led by Brig Gen(Retd)Zakariyya Mansoor,DG üá≤üáªHydrographic Service visited National Institute of #Hydrogr‚Ä¶"
115,ArifKha84820300,"RT @sanamalikshaikh: Got the opportunity to attend the Commissioning Ceremony of ‚ÄòMormugao‚Äô, a P15B stealth guided missile destroyer at Nav‚Ä¶"
116,Kiran_K_K_,"RT @SpokespersonMoD: Mighty Mormugao, a P15B stealth guided missile destroyer formally inducted into the #IndianNavy. 

One of the most pot‚Ä¶"
117,Ijsrao,RT @DrPramodPSawant: Attended the Commissioning of the #INSMormugao indigenously developed stealth missile destroyer of the #IndianNavy by‚Ä¶
118,defenceWebn,"RT @SpokespersonMoD: Mighty Mormugao, a P15B stealth guided missile destroyer formally inducted into the #IndianNavy. 

One of the most pot‚Ä¶"
119,defenceWebn,"RT @PRODefPune: Mighty Mormugao, a P15B stealth guided missile destroyer formally inducted into the #IndianNavy. 

One of the most potent w‚Ä¶"
120,ProAssam,"RT @PRODefPune: Mighty Mormugao, a P15B stealth guided missile destroyer formally inducted into the #IndianNavy. 

One of the most potent w‚Ä¶"
121,vikasmahale,"Welcome INS Mormugao, the @IndianNavy‚Äôs newest indigenously built destroyer!  ‚öìÔ∏èüáÆüá≥
#INSMormugao #IndianNavy https://t.co/Ozh7KEXOr6"
122,ProAssam,"RT @SpokespersonMoD: Mighty Mormugao, a P15B stealth guided missile destroyer formally inducted into the #IndianNavy. 

One of the most pot‚Ä¶"
123,IN_HQSNC,"#Maldivian delegation led by Brig Gen(Retd)Zakariyya Mansoor,DG üá≤üáªHydrographic Service visited National Institute o‚Ä¶ https://t.co/CjFcO1y0oH"
124,NycNorthCentral,"RT @sanamalikshaikh: Got the opportunity to attend the Commissioning Ceremony of ‚ÄòMormugao‚Äô, a P15B stealth guided missile destroyer at Nav‚Ä¶"
125,TheQuint,"#Photos | Made in India guided missile destroyer #INSMormugao commissioned into #IndianNavy.

Read more:‚Ä¶ https://t.co/FKmYVit7nD"
126,SandeepUnnithan,RT @News9Plus: India armed and trained Bengali Guerrillas to fight the #PakistanArmy. #WATCH 'Operation X' on #News9Plus to know about the‚Ä¶
127,ncpvikasjha,"RT @sanamalikshaikh: Got the opportunity to attend the Commissioning Ceremony of ‚ÄòMormugao‚Äô, a P15B stealth guided missile destroyer at Nav‚Ä¶"
128,dnyanesh0423,"INS Mormugao was commissioned in the Indian Navy on the eve of Goa Liberation Day. 
#IndianNavy
#INSMormugao‚Ä¶ https://t.co/IkcOxXVEbU"
129,pm_tripathi,"RT @IndianExpress: Stealth guided missile destroyer Mormugao commissioned into Indian Navy

#Mormugao #IndianNavy

https://t.co/Ejstz9Pt9z"
130,Tangerine2909,"RT @BhairavHu1008: #INS #Mormugao a P15B stealth-guided missile destroyer, commissioned into the #IndianNavy in the presence of Defence Min‚Ä¶"
131,Paras07910619,"RT @sanamalikshaikh: Got the opportunity to attend the Commissioning Ceremony of ‚ÄòMormugao‚Äô, a P15B stealth guided missile destroyer at Nav‚Ä¶"
132,News9Plus,India armed and trained Bengali Guerrillas to fight the #PakistanArmy. #WATCH 'Operation X' on #News9Plus to know a‚Ä¶ https://t.co/S7RbJGSxmU
133,ChhayaGS1,"RT @sanamalikshaikh: Got the opportunity to attend the Commissioning Ceremony of ‚ÄòMormugao‚Äô, a P15B stealth guided missile destroyer at Nav‚Ä¶"
134,SonuThapar15,RT @DrPramodPSawant: Attended the Commissioning of the #INSMormugao indigenously developed stealth missile destroyer of the #IndianNavy by‚Ä¶
135,NawabMalikSaheb,"RT @sanamalikshaikh: Got the opportunity to attend the Commissioning Ceremony of ‚ÄòMormugao‚Äô, a P15B stealth guided missile destroyer at Nav‚Ä¶"
136,NewsInTweetsIn,"The Indian Express: Stealth guided missile destroyer Mormugao commissioned into Indian Navy

#Mormugao #IndianNavy‚Ä¶ https://t.co/nnrpV0uMZP"
137,NMSaheb,"RT @sanamalikshaikh: Got the opportunity to attend the Commissioning Ceremony of ‚ÄòMormugao‚Äô, a P15B stealth guided missile destroyer at Nav‚Ä¶"
138,IndianExpress,"Stealth guided missile destroyer Mormugao commissioned into Indian Navy

#Mormugao #IndianNavy

https://t.co/Ejstz9Pt9z"
139,FanOfSanaMam,"RT @sanamalikshaikh: Got the opportunity to attend the Commissioning Ceremony of ‚ÄòMormugao‚Äô, a P15B stealth guided missile destroyer at Nav‚Ä¶"
140,ParasSasane1,"RT @sanamalikshaikh: Got the opportunity to attend the Commissioning Ceremony of ‚ÄòMormugao‚Äô, a P15B stealth guided missile destroyer at Nav‚Ä¶"
141,aniketsasane775,"RT @sanamalikshaikh: Got the opportunity to attend the Commissioning Ceremony of ‚ÄòMormugao‚Äô, a P15B stealth guided missile destroyer at Nav‚Ä¶"
142,SasaneChaya2,"RT @sanamalikshaikh: Got the opportunity to attend the Commissioning Ceremony of ‚ÄòMormugao‚Äô, a P15B stealth guided missile destroyer at Nav‚Ä¶"
143,Balabira62,RT @DrPramodPSawant: Attended the Commissioning of the #INSMormugao indigenously developed stealth missile destroyer of the #IndianNavy by‚Ä¶
144,Tangerine2909,"RT @NewsIADN: #IndianNavy commissioned the 2nd P15B destroyer INS Mormugao today.

#IADN https://t.co/Y6lX3elPY9"
145,SakshiPost,Indigenous stealth guided missile destroyer #INSMormugao commissioned into #IndianNavy in #Mumbai on Sunday‚Ä¶ https://t.co/OpjGkL1em9
146,JAISHRIKRISHNAH,"RT @37VManhas: Do you know after creating Bangladesh in 1971, the armed forces pension was redued from 70% to 50% ?

#IndianArmy 
#IndianAi‚Ä¶"
147,Gautamsasane07,"RT @sanamalikshaikh: Got the opportunity to attend the Commissioning Ceremony of ‚ÄòMormugao‚Äô, a P15B stealth guided missile destroyer at Nav‚Ä¶"
148,RameshS92289386,"RT @ashim_82: One of the most potent Made in India ship commissioned... Great day for Indian Armed Forces..
#India
#IndianNavy
#INSMormugao‚Ä¶"
149,thenewsdrum,".@RajnathSingh cites ‚Äòpuranas‚Äô to underline Navy‚Äôs role in security 
#Mormugao #IndianNavy @indiannavy 
https://t.co/mtHtySVzFp"
